<?xml version="1.0" encoding="UTF-8" standalone="yes"?>
<addon id="script.hls.tester" name="HLS Tester" version="1.0.1" provider-name="Deivid Silva">
    <requires>
        <import addon="xbmc.python" version="3.0.0"/>
        <import addon="script.module.flask"/>
        <import addon="script.module.requests" />
    </requires>
    
    <extension point="xbmc.python.script" library="default.py">
        <provides>executable</provides>
    </extension>
    
    <extension point="xbmc.service" library="service.py" start="login"/>
    
    <extension point="xbmc.addon.metadata">
        <platform>all</platform>
        <summary>Proxy HLS Tester para o Kodi</summary>
        <description>
            Proxy local para melhorar reprodução de streams HLS no Kodi.
            Padrão URL: plugin://script.hls.tester/?action=play&amp;url=URL_DO_M3U8
        </description>
         <assets>
      <icon>icon.png</icon>
    </assets>
    </extension>
</addon>