<?xml version="1.0" encoding="UTF-8" standalone="yes"?>
<addon id="plugin.video.denise.flix.v2" name="[B][COLOR pink]DENISE FLIX[/B][/COLOR]" version="3.1.8" provider-name="[B][COLOR orange]DEIVID MATRIX[/B][/COLOR]">
	<requires>
		<import addon="script.module.requests" version="2.27.1"/>
	</requires>
  <extension point="xbmc.python.pluginsource"
			library="default.py">
		<provides>video</provides>
  </extension>
  <extension point="xbmc.addon.metadata">
	<summary lang="en">[COLOR red]Canais de Televisão, esportos e muito mais...[/COLOR] </summary>
	<language>en</language>
	<description lang="en">[COLOR red]Denise Flix é um addon de uso Pessoal! TODOS OS LINKS ESTÃO DISPONIVEIS NA INTERNET NO MECANISMO DE PESQUISA GOOGLE![/COLOR]</description>
	<platform>all</platform>
	<assets>
		<icon>icon.png</icon>
		<fanart>fanart.jpg</fanart>
	</assets>
  </extension>
</addon>