<?xml version="1.0" encoding="UTF-8" standalone="yes"?>
<addon id="plugin.video.meuhlsplayer"
       name="Meu HLS Player"
       version="1.0.0"
       provider-name="Deivid">
  <requires>
    <import addon="xbmc.python" version="3.0.0"/>
    <import addon="script.module.m3u8" version="0.0.0"/> <import addon="script.module.requests" version="2.9.1"/> </requires>
  <extension point="xbmc.python.pluginsource"
             library="default.py">
        <provides>video</provides>
  </extension>
  <extension point="xbmc.addon.metadata">
    <summary lang="en">Um player HLS m3u8 simples para Kodi usando script.module.m3u8.</summary>
    <description lang="en">Este addon demonstra como reproduzir streams HLS (m3u8) no Kodi utilizando o módulo script.module.m3u8.</description>
    <disclaimer lang="en"></disclaimer>
    <platform>all</platform>
    <assets>
      <icon>icon.png</icon>
      <fanart>fanart.jpg</fanart>
    </assets>
  </extension>
</addon>