<?xml version="1.0" encoding="UTF-8" standalone="yes"?>
<addon id="script.hls.tester"
       name="Meu HLS/TS Tester"
       version="0.0.1"
       provider-name="Seu Nome">
  <requires>
    <import addon="xbmc.python" version="3.0.0"/>
    <import addon="script.module.requests" /> <import addon="script.module.m3u8" /> </requires>
  <extension point="xbmc.python.script" library="default.py">
    <provides>executable</provides>
  </extension>
  <extension point="xbmc.addon.metadata">
    <summary lang="en">A basic HLS/TS stream tester for Kodi.</summary>
    <description lang="en">Allows playing simple HLS (.m3u8) or TS streams directly, potentially enhancing playback stability via a local proxy.</description>
    <platform>all</platform>
    <license>GPL-3.0-or-later</license>
    <assets>
      <icon>icon.png</icon>
    </assets>
  </extension>
</addon>